Battle Scenerio,FINSTD,FINSTA,WINA,Casualties Attacker,CASD
ADVANCE TO YUZA-DAKE/YAEJU-DAKE ESCARPMENT,3210.55,17987.05,1,789.9500000000007,789.4499999999998
ATTACK ON YUZA-DAKE/YAEJU-DAKE ESCARPMENT,4061.56,17902.644,1,757.3559999999998,188.44000000000005
CAPTURE OF YUZA-DAKE/YAEJU-DAKE ESCARPMENT,2804.075,18086.515,1,960.4850000000006,445.9250000000002
JENIN,5982.642,9803.767,-1,1096.2330000000002,177.35800000000017
JERUSALEM,14215.72,25072.995,1,2609.005000000001,-615.7199999999993
KABATIYA,8532.175,11452.695,-1,1347.3050000000003,1367.8250000000007
TILFIT-ZABABIDA,4642.989,5046.498,1,303.5020000000004,807.0110000000004
